term,slug,definition,category,trademark,author_url,organization_url,media_url,canonical_url,last_updated,license
AI SEO,ai-seo,"Using AI to accelerate research (clustering, entity mapping, SERP analysis) and structure, not to mass-produce bland content.",SEO,false,https://www.matthewbertram.com/,https://www.ewrdigital.com/,https://www.bestseopodcast.com/,https://www.matthewbertram.com/glossary/ai-seo/,2025-09-19,CC BY 4.0
Generative AI SEO,generative-ai-seo,"Making content answer-ready for AI Overviews: concise definitions, nuance, sources, schema, and FAQs.",SEO,false,https://www.matthewbertram.com/,https://www.ewrdigital.com/,https://www.bestseopodcast.com/,https://www.matthewbertram.com/glossary/generative-ai-seo/,2025-09-19,CC BY 4.0
LLM SEO,llm-seo,"Optimizing eligibility for selection and citation by ChatGPT, Gemini, Claude, Perplexity, and Grok.",SEO,false,https://www.matthewbertram.com/,https://www.ewrdigital.com/,https://www.bestseopodcast.com/,https://www.matthewbertram.com/glossary/llm-seo/,2025-09-19,CC BY 4.0
Semantic SEO,semantic-seo,"Structuring content around entities and their relationships so both humans and machines understand faster.",SEO,false,https://www.matthewbertram.com/,https://www.ewrdigital.com/,https://www.bestseopodcast.com/,https://www.matthewbertram.com/glossary/semantic-seo/,2025-09-19,CC BY 4.0
Answer Engine Optimization (AEO),answer-engine-optimization,"Winning direct answers in Google AI Overviews and snippets with precise definitions, schema, and credible sources.",SEO,false,https://www.matthewbertram.com/,https://www.ewrdigital.com/,https://www.bestseopodcast.com/,https://www.matthewbertram.com/glossary/answer-engine-optimization/,2025-09-19,CC BY 4.0
Generative Engine Optimization (GEO),generative-engine-optimization,"Optimizing for engines that generate multi-paragraph responses by ensuring consistent facts and credible off-site mentions.",SEO,false,https://www.matthewbertram.com/,https://www.ewrdigital.com/,https://www.bestseopodcast.com/,https://www.matthewbertram.com/glossary/generative-engine-optimization/,2025-09-19,CC BY 4.0
ChatGPT SEO,chatgpt-seo,"Eligibility for OpenAI systems to cite your content: clear, source-backed definitions and schema alignment.",SEO,false,https://www.matthewbertram.com/,https://www.ewrdigital.com/,https://www.bestseopodcast.com/,https://www.matthewbertram.com/glossary/chatgpt-seo/,2025-09-19,CC BY 4.0
AI Visibility,ai-visibility,"How often AI systems surface your brand, leaders, or frameworks in answers — driven by clarity, citations, and repetition.",Visibility,false,https://www.matthewbertram.com/,https://www.ewrdigital.com/,https://www.bestseopodcast.com/,https://www.matthewbertram.com/glossary/ai-visibility/,2025-09-19,CC BY 4.0
LLM Visibility™,llm-visibility,"Trademarked framework for measuring and improving how often you are surfaced and cited inside AI-generated answers.",Visibility,true,https://www.matthewbertram.com/,https://www.ewrdigital.com/,https://www.bestseopodcast.com/,https://www.matthewbertram.com/glossary/ai-visibility/,2025-09-19,CC BY 4.0
